{"cameraMode":{"drawMode":0,"name":"Shaded","section":"Shading Mode"},"sceneLighting":false,"audioPlay":false,"sceneViewState":{"showFog":true,"showMaterialUpdate":false,"showSkybox":true,"showFlares":true,"showImageEffects":true,"showParticleSystems":true},"in2DMode":false,"pivot":{"x":-5.960464477539063e-8,"y":0.0755070298910141,"z":4.76837158203125e-7},"rotation":{"x":0.02685839869081974,"y":-0.9523611068725586,"z":0.290770024061203,"w":0.08797644078731537},"size":9.33713436126709,"orthographic":false}