{"cameraMode":{"drawMode":0,"name":"Shaded","section":"Shading Mode"},"sceneLighting":false,"audioPlay":false,"sceneViewState":{"showFog":true,"showMaterialUpdate":false,"showSkybox":true,"showFlares":true,"showImageEffects":true,"showParticleSystems":true},"in2DMode":false,"pivot":{"x":1.2497975826263428,"y":1.550142526626587,"z":0.0},"rotation":{"x":0.024160290136933328,"y":-0.8962031006813049,"z":0.04918685555458069,"w":0.44024646282196047},"size":31.136489868164064,"orthographic":false}